full_name,first_name,middle_name,last_name,gender,date_of_birth,place_of_birth,nationality
"María Elena García López",María,Elena,"García López",female,1987-03-15,Barcelona,Spain
"Hiroshi Tanaka",Hiroshi,,Tanaka,male,1974-11-22,Tokyo,Japan
"Chen Wei Ming",Chen,Wei,Ming,other,1991-07-08,Shanghai,China
"Oluwaseun Adebayo",Oluwaseun,,Adebayo,female,1983-09-04,Lagos,Nigeria
"Vladimir Petrov",Vladimir,,Petrov,male,1978-12-01,Moscow,Russia
"Sarah Johnson",Sarah,,Johnson,female,1995-05-18,Chicago,United States
"Ahmed Al-Rashid",Ahmed,,Al-Rashid,male,1989-01-30,Cairo,Egypt
"Priya Sharma",Priya,,Sharma,female,1992-06-14,Mumbai,India
"Lars Erik Hansen",Lars,Erik,Hansen,male,1976-10-25,Oslo,Norway
"Fatima bint Abdullah",,,"Fatima bint Abdullah",other,1985-04-12,Riyadh,Saudi Arabia